{"client_meta":{"background_color":{"r":0.9607843160629272,"g":0.9607843160629272,"b":0.9607843160629272,"a":1},"thumbnail_size":{"width":400,"height":211},"render_coordinates":{"x":0,"y":0,"width":1943,"height":1024}},"file_name":"Dinámica Landing","developer_related_links":[],"exported_at":"2026-02-23T23:58:35.733Z"}